{
    "start_joint_axis": {
        "origin": [
            0.0,
            0.0,
            -0.06580977621064768
        ],
        "direction": [
            0.0,
            0.0,
            1.0
        ]
    },
    "end_joint_axis": {
        "origin": [
            0.0,
            0.0,
            0.08479063185310136
        ],
        "direction": [
            0.0,
            0.0,
            1.0
        ]
    }
}