{
    "start_joint_axis": {
        "origin": [
            0.0,
            6.373270656782302e-33,
            -0.07193028586285394
        ],
        "direction": [
            1.0,
            0.0,
            0.0
        ]
    },
    "end_joint_axis": {
        "origin": [
            0.0,
            0.0,
            0.07122387638342136
        ],
        "direction": [
            1.0,
            0.0,
            0.0
        ]
    }
}