{
    "start_joint_axis": {
        "origin": [
            0.0,
            -4.31649466877402e-19,
            -0.038723485651383296
        ],
        "direction": [
            0.0,
            1.2246467991473532e-16,
            -1.0
        ]
    },
    "end_joint_axis": {
        "origin": [
            0.0,
            0.0,
            0.038723485651383296
        ],
        "direction": [
            0.0,
            0.0,
            1.0
        ]
    }
}