{
    "start_joint_axis": {
        "origin": [
            0.0,
            5.098616525425841e-33,
            -0.07072541669238235
        ],
        "direction": [
            1.0,
            0.0,
            0.0
        ]
    },
    "end_joint_axis": {
        "origin": [
            0.0,
            0.0,
            0.05925020004613347
        ],
        "direction": [
            0.0,
            0.0,
            1.0
        ]
    }
}