{
    "start_joint_axis": {
        "origin": [
            0.0,
            4.673731814973688e-33,
            -0.04951086613401646
        ],
        "direction": [
            1.0,
            0.0,
            0.0
        ]
    },
    "end_joint_axis": {
        "origin": [
            0.0,
            0.0,
            0.04137986039305653
        ],
        "direction": [
            0.0,
            0.0,
            1.0
        ]
    }
}