{
    "start_joint_axis": {
        "origin": [
            0.0,
            -1.162242205380444e-18,
            -0.030091505521686834
        ],
        "direction": [
            0.0,
            1.2246467991473532e-16,
            -1.0
        ]
    },
    "end_joint_axis": {
        "origin": [
            0.0,
            0.0,
            0.0554305901086909
        ],
        "direction": [
            1.0,
            0.0,
            0.0
        ]
    }
}