{
    "start_joint_axis": {
        "origin": [
            0.0,
            -8.056619694786502e-19,
            -0.04735114362344743
        ],
        "direction": [
            0.0,
            1.2246467991473532e-16,
            -1.0
        ]
    },
    "end_joint_axis": {
        "origin": [
            0.0,
            0.0,
            0.06253152012466139
        ],
        "direction": [
            1.0,
            0.0,
            0.0
        ]
    }
}